gene_id,domain_name,domain_start,domain_end
rv3800c,Carrier 1,4260862,4261098
rv3800c,Ketosynthase family 3 (KS3),4259524,4260801
rv3800c,Carrier 2,4257220,4257453
rv2048c,Ketosynthase family 3 (KS3) 1,2305616,2306887
rv2048c,PKS/mFAS DH 1,2303402,2304211
rv2048c,Carrier 1,2300873,2301100
rv2048c,Ketosynthase family 3 (KS3) 2,2299547,2300821
rv2048c,PKS/mFAS DH 2,2297342,2298169
rv2048c,Carrier 2,2294777,2295004
rv3097c,PE,3466792,3467091
rv2518c,"L,D-TPase catalytic",2834202,2834579
rv3291c,HTH asnC-type,3672100,3672285
rv3279c,BPL/LPL catalytic,3661407,3661973
rv3420c,N-acetyltransferase,3838598,3839041
rv3883c,Peptidase S8,4363597,4364568
rv1900c,AB hydrolase-1,2147196,2147447
rv1900c,Guanylate cyclase,2146410,2146745
rv0595c,PINc,694842,695213
rv2747,N-acetyltransferase,3059289,3059705
rv1477,NlpC/P60,1668007,1668405
rv3042c,ACT 1,3402905,3403141
rv3042c,ACT 2,3402641,3402859
rv3260c,4Fe-4S Wbl-type,3639893,3640066
rv1095,PINc,1223009,1223392
rv2051c,CN hydrolase,2309265,2310035
rv0116c,"L,D-TPase catalytic",140273,140650
rv0241c,MaoC-like,289887,290171
rv0983,PDZ,1100167,1100412
rv1527c,Ketosynthase family 3 (KS3),1727102,1728340
rv1527c,PKS/mFAS DH,1724837,1725697
rv1527c,Carrier,1722107,1722337
rv3744,HTH arsR-type,4195482,4195766
rv3764c,HAMP,4210296,4210484
rv3764c,Histidine kinase,4209612,4210253
rv0020c,FHA,23933,24082
rv3526,Rieske,3962514,3962822
rv2444c,S1 motif,2743626,2743859
rv2933,Ketosynthase family 3 (KS3),3255784,3257070
rv2933,PKS/mFAS DH,3258466,3259353
rv2933,Carrier,3261889,3262119
rv0418,PA,503913,504188
rv1032c,HAMP,1157149,1157337
rv1032c,Histidine kinase,1156450,1157106
rv3285,Biotin carboxylation,3666387,3667721
rv3285,ATP-grasp,3666744,3667337
rv3285,Biotinyl-binding,3667926,3668156
rv3681c,4Fe-4S Wbl-type,4121279,4121449
rv3416,4Fe-4S Wbl-type,3834955,3835149
rv3219,4Fe-4S Wbl-type,3595734,3595922
rv2010,PINc,2258273,2258635
rv1850,Urease,2098366,2099691
rv2416c,N-acetyltransferase,2714871,2715326
rv1009,G5,1128664,1128906
rv1932,Thioredoxin,2183423,2183866
rv0005,Toprim,6596,6940
rv0006,Topo IIA-type catalytic,7422,8831
rv0006,EF-hand,8811,8849
rv3646c,Toprim,4086832,4087206
rv3646c,Topo IA-type catalytic,4085410,4086789
rv2754c,ThyX,3067247,3067927
rv0113,SIS,137430,137906
rv1267c,FHA,1416277,1416426
rv2027c,GAF 1,2273915,2274328
rv2027c,GAF 2,2273411,2273824
rv2027c,Histidine kinase,2272790,2273371
rv3132c,GAF 1,3498666,3499079
rv3132c,GAF 2,3498159,3498575
rv3132c,Histidine kinase,3497532,3498119
rv0490,Histidine kinase,579838,580488
rv3245c,HAMP,3625753,3625911
rv3245c,Histidine kinase,3625057,3625710
rv0982,HAMP,1098063,1098221
rv0982,Histidine kinase,1098243,1098905
rv1028c,Histidine kinase,1149116,1149772
rv0491,Response regulatory,580815,581156
rv3246c,Response regulatory,3626990,3627331
rv0981,Response regulatory,1096831,1097175
rv1630,S1 motif 1,1833647,1833856
rv1630,S1 motif 2,1833908,1834105
rv1630,S1 motif 3,1834166,1834372
rv1630,S1 motif 4,1834421,1834630
rv1297,Rho RNA-BD,1453870,1454106
rv2737c,DOD-type homing endonuclease,3049901,3050329
rv1699,Glutamine amidotransferase type-1,1924735,1925481
rv2224c,AB hydrolase-1,2495533,2496720
rv1334,MPN,1502671,1503042
rv0018c,PPM-type phosphatase,22468,23157
rv2176,Protein kinase,2437995,2438774
rv3080c,Protein kinase,3445140,3445913
rv2088,Protein kinase,2344450,2345238
rv2914c,Protein kinase,3222769,3223491
rv1266c,Protein kinase,1415013,1415795
rv0410c,Protein kinase,496127,496864
rv1746,Protein kinase,1972171,1972974
rv1743,Protein kinase,1969049,1969828
rv0931c,Protein kinase,1039087,1039872
rv0014c,Protein kinase,16649,17440
rv0014c,PASTA 1,16205,16405
rv0014c,PASTA 2,16001,16204
rv0014c,PASTA 3,15800,16000
rv0014c,PASTA 4,15593,15799
rv0015c,Protein kinase,17947,18726
rv3838c,Prephenate dehydratase,4312103,4312663
rv3838c,ACT,4311830,4312063
rv2238c,Thioredoxin,2510718,2511173
rv1818c,PE,2062396,2062674
rv2215,Lipoyl-binding 1,2481968,2482195
rv2215,Lipoyl-binding 2,2482325,2482552
rv2215,Peripheral subunit-binding (PSBD),2482691,2482804
rv0899,BON,1003190,1003399
rv0899,OmpA-like,1003445,1003789
rv3151,2Fe-2S ferredoxin-type,3516788,3517024
rv3151,4Fe-4S His(Cys)3-ligated-type,3517028,3517147
rv3151,4Fe-4S Mo/W bis-MGD-type,3517442,3517612
rv1694,S4 RNA-binding,1917952,1918140
rv3571,FAD-binding FR-type,4012450,4012788
rv3571,2Fe-2S ferredoxin-type,4013221,4013490
rv2626c,CBS 1,2952799,2952972
rv2626c,CBS 2,2952601,2952777
rv1956,HTH cro/C1-type,2202261,2202425
rv1827,FHA,2072824,2072973
rv3790,FAD-binding PCMH-type,4235833,4236360
rv2438c,CN hydrolase,2736004,2736798
rv0819,N-acetyltransferase 1,911745,912158
rv0819,N-acetyltransferase 2,912189,912680
rv1736c,4Fe-4S Mo/W bis-MGD-type,1963836,1964030
rv1161,4Fe-4S Mo/W bis-MGD-type,1287484,1287678
rv1317c,HTH araC/xylS-type,1478564,1478860
rv2217,BPL/LPL catalytic,2484695,2485228
rv3411c,CBS 1,3830965,3831135
rv3411c,CBS 2,3830782,3830955
rv3855,HTH tetR-type,4327615,4327797
rv3133c,Response regulatory,3499559,3499909
rv3133c,HTH luxR-type,3499292,3499489
rv2711,HTH dtxR-type,3023574,3023759
rv3676,HTH crp-type,4116907,4117128
rv2745c,HTH cro/C1-type,3058331,3058495
rv1994c,HTH arsR-type,2237694,2237978
rv2031c,sHSP,2278504,2278836
rv3534c,Pyruvate carboxyltransferase,3972816,3973574
rv3206c,Rhodanese,3582541,3582813
rv3198c,UvrD-like helicase ATP-binding,3570309,3571184
rv3198c,UvrD-like helicase C-terminal,3569553,3570308
rv3198c,HRDC,3569112,3569336
rv0949,UvrD-like helicase ATP-binding,1058320,1059192
rv0949,UvrD-like helicase C-terminal,1059193,1060068
rv0630c,UvrD-like helicase ATP-binding,724036,725013
rv0630c,UvrD-like helicase C-terminal,723175,723945
rv2973c,Helicase ATP-binding,3328516,3329043
rv2973c,Helicase C-terminal,3327928,3328407
rv0058,SF4 helicase; first part,60978,61781
rv0058,DOD-type homing endonuclease,62139,62375
rv0058,SF4 helicase; second part,62229,63017
rv3396c,Glutamine amidotransferase type-1,3813464,3814033
rv3396c,GMPS ATP-PPase,3812882,3813463
rv2440c,Obg,2739210,2739683
rv2440c,OBG-type G,2738667,2739209
rv2440c,OCT,2738379,2738615
rv2220,GS beta-grasp,2487660,2487914
rv2220,GS catalytic,2487936,2489048
rv3871,FtsK 1,4349019,4349603
rv3871,FtsK 2,4349901,4350461
rv3870,FtsK,4347846,4348475
rv3608c,Pterin-binding,4049186,4049980
rv3841,Ferritin-like diiron,4314190,4314627
rv0130,MaoC-like,157877,158239
rv3014c,BRCT,3372548,3372802
rv3568c,VOC 1,4009840,4010187
rv3568c,VOC 2,4009390,4009776
rv2763c,DHFR,3073130,3073609
rv2981c,ATP-grasp,3336829,3337452
rv1631,DPCK,1835019,1835624
rv3315c,CMP/dCMP-type deaminase,3703488,3703856
rv1589,Radical SAM core,1790491,1791168
rv1876,Ferritin-like diiron,2125340,2125774
rv0969,HMA,1078743,1078940
rv3270,HMA,3650556,3650759
rv0092,HMA,100622,100816
rv3709c,ACT 1,4152440,4152685
rv3709c,ACT 2,4152221,4152439
rv1625c,Guanylate cyclase,1826812,1827195
rv2948c,Carrier,3298098,3298334
rv2383c,Carrier 1,2675604,2675825
rv2383c,Carrier 2,2672433,2672669
rv3710,Pyruvate carboxyltransferase,4153953,4154777
rv2428,Thioredoxin,2726202,2726702
rv2245,Ketosynthase family 3 (KS3),2518145,2519359
rv2935,Ketosynthase family 3 (KS3),3267749,3269050
rv2935,Carrier,3270524,3270748
rv2934,Ketosynthase family 3 (KS3),3262350,3263630
rv2934,PKS/mFAS DH,3264975,3265841
rv2934,Carrier,3267363,3267602
rv2932,Ketosynthase family 3 (KS3),3251168,3252436
rv2932,Carrier,3255338,3255565
rv2931,Carrier 1,3245469,3245693
rv2931,Ketosynthase family 3 (KS3),3245745,3247022
rv2931,PKS/mFAS DH,3248433,3249245
rv2931,Carrier 2,3250719,3250952
rv3825c,Ketosynthase family 3 (KS3),4298265,4299536
rv3825c,PKS/mFAS DH,4296012,4296866
rv3825c,Carrier,4293228,4293488
rv2247,CoA carboxyltransferase N-terminal,2520746,2521414
rv2247,CoA carboxyltransferase C-terminal,2521415,2522161
rv3280,CoA carboxyltransferase N-terminal,3662134,3662904
rv3280,CoA carboxyltransferase C-terminal,3662944,3663684
rv1238,ABC transporter,1380693,1381388
rv1819c,ABC transmembrane type-1,2063550,2064530
rv1819c,ABC transporter,2062812,2063450
rv1281c,ABC transporter 1,1434507,1435259
rv1281c,ABC transporter 2,1433472,1434224
rv1349,ABC transmembrane type-1,1515671,1516519
rv1349,ABC transporter,1516616,1517323
rv1348,FAD-binding FR-type,1513089,1513412
rv1348,ABC transmembrane type-1,1513923,1514771
rv1348,ABC transporter,1514874,1515575
rv1638,ABC transporter 1,1844683,1845543
rv1638,ABC transporter 2,1845601,1846590
rv2936,ABC transporter,3272235,3272933
rv2590,Carrier,2919803,2920030
rv3197a,4Fe-4S Wbl-type,3568452,3568625
rv2615c,PE,2944710,2944976
rv0754,PE,846159,846434
rv3389c,MaoC-like,3803979,3804311
rv0335c,PE,399673,399843
rv1430,PE,1606386,1606664
rv1430,PE-PPE,1606830,1607492
rv3102c,ABC transporter,3470686,3471363
rv2495c,Lipoyl-binding,2809694,2809921
rv2495c,Peripheral subunit-binding (PSBD),2809469,2809585
rv1223,PDZ,1367150,1367335
rv3469c,Pyruvate carboxyltransferase,3886310,3887056
rv0602c,Response regulatory,699386,699730
rv2124c,Hcy-binding,2385132,2386067
rv2124c,Pterin-binding,2384265,2385041
rv2124c,B12-binding N-terminal,2383884,2384165
rv2124c,B12-binding,2383470,2383883
rv2124c,AdoMet activation,2382492,2383391
rv1467c,Acyl-CoA dehydrogenase N-terminal bacteria,1655401,1655496
rv1467c,Acyl-CoA oxidase/dehydrogenase middle,1654690,1655019
rv1467c,Acyl-CoA dehydrogenase/oxidase C-terminal,1654141,1654641
rv1467c,Acetyl-CoA dehydrogenase-like C-terminal,1653691,1654083
rv3799c,CoA carboxyltransferase N-terminal,4255166,4255918
rv3799c,CoA carboxyltransferase C-terminal,4254440,4255141
rv0252,FAD/NAD(P)-binding,302908,303771
rv0252,NADH-rubredoxin oxidoreductase C-terminal,303880,304062
rv0252,BFD-like [2Fe-2S]-binding,304186,304329
rv0252,Nitrite/Sulfite reductase ferredoxin-like,304582,304764
rv0252,Nitrite/sulphite reductase 4Fe-4S,304798,305214
rv0827c,HTH arsR-type,920822,921106
rv3765c,Response regulatory,4211413,4211757
rv0022c,4Fe-4S Wbl-type,27212,27433
rv0757,Response regulatory,851671,852015
rv0757,OmpR/PhoB-type,852049,852342
rv2549c,PINc,2869733,2870119
rv1963c,HTH tetR-type 1,2206584,2206766
rv1963c,HTH tetR-type 2,2205972,2206154
rv3859c,Glutamine amidotransferase type-2,4334834,4336030
rv2946c,PKS/mFAS DH,3294197,3295021
rv2946c,Carrier,3291587,3291814
rv0627,PINc,718306,718671
rv3862c,4Fe-4S Wbl-type,4338264,4338425
rv0301,PINc,364062,364430
rv2937,ABC transmembrane type-2,3273344,3274051
rv2462c,PPIase FKBP-type,2764647,2764808
rv0951,ATP-grasp,1061988,1062671
rv0054,SSB,58586,58915
rv3687c,STAS,4129347,4129673
rv2601,PABS,2929078,2929782
rv0902c,HAMP,1005176,1005328
rv0902c,Histidine kinase,1004504,1005133
rv0844c,Response regulatory,940729,941079
rv0844c,HTH luxR-type,940468,940665
rv1027c,Response regulatory,1148760,1149101
rv2925c,RNase III,3240150,3240497
rv2925c,DRBM,3239865,3240071
rv1253,Helicase ATP-binding,1400099,1400614
rv1253,Helicase C-terminal,1400645,1401124
rv0009,PPIase cyclophilin-type,12504,13010
rv2521,Thioredoxin,2837702,2838154
rv3872,PE,4350745,4351014
rv3199c,Nudix hydrolase,3571665,3572042
rv1160,Nudix hydrolase,1286598,1286987
rv2985,Nudix hydrolase,3342207,3342608
rv0019c,FHA,23342,23491
rv3109,Radical SAM core,3477709,3478371
rv2218,Radical SAM core,2485471,2486115
rv0937c,Ku,1045442,1045993
rv1389,Guanylate kinase-like,1564461,1565003
rv1843c,CBS 1,2093240,2093413
rv1843c,CBS 2,2093063,2093239
rv3002c,ACT,3360885,3361112
rv0483,"L,D-TPase catalytic",572496,572861
rv2358,HTH arsR-type,2641363,2641647
rv3082c,HTH araC/xylS-type,3447425,3447721
rv1020,Helicase ATP-binding,1140953,1141438
rv1020,Helicase C-terminal,1141490,1141963
rv1329c,Helicase ATP-binding,1498320,1499150
rv2918c,HD,3229049,3229393
rv2918c,ACT 1,3228623,3228853
rv2918c,ACT 2,3228266,3228493
rv2222c,GS beta-grasp,2493437,2493700
rv2222c,GS catalytic,2492405,2493418
rv3436c,Glutamine amidotransferase type-2,3856215,3856886
rv3436c,SIS 1,3855582,3856001
rv3436c,SIS 2,3855048,3855485
rv1783,FtsK 1,2020682,2021290
rv1783,FtsK 2,2021828,2022412
rv1783,FtsK 3,2022737,2023318
rv2873,FAS1,3184151,3184549
rv0685,tr-type G,784848,785435
rv1629,5'-3' exonuclease,1831220,1831501
rv1629,3'-5' exonuclease,1831613,1832143
rv2373c,J,2653784,2653978
rv0352,J,422479,422676
rv2343c,Toprim,2621409,2621669
rv1173,Radical SAM core 1,1303180,1303938
rv1173,Radical SAM core 2,1304560,1305285
rv2457c,ClpX-type ZB,2759327,2759488
rv3596c,Clp R,4040273,4040701
rv3596c,UVR,4039325,4039432
rv1384,ATP-grasp 1,1557512,1558099
rv1384,ATP-grasp 2,1559177,1559752
rv1384,MGS-like,1559996,1560439
rv1383,Glutamine amidotransferase type-1,1556520,1557098
rv2501c,Biotin carboxylation,2815537,2816880
rv2501c,ATP-grasp,2815924,2816523
rv2501c,Biotinyl-binding,2814922,2815149
rv1294,ACT,1450440,1450679
rv3589,HhH,4030823,4030909
rv3674c,HhH,4115481,4115540
rv2244,Carrier,2517777,2518013
rv0262c,N-acetyltransferase,314369,314824
rv0933,ABC transporter,1041327,1042049
rv0820,ABC transporter,912738,913466
rv0101,Carrier 1,112803,113009
rv0101,Carrier 2,115950,116177
rv0101,Thioester reductase (TE),116334,117116
rv1468c,PE,1656443,1656721
rv1169c,PE,1299843,1300115
rv0169,Mce/MlaD,198663,198908
rv0169,Mammalian cell entry C-terminal,198924,199520
rv2431c,PE,2727991,2728266
rv2786c,Riboflavin kinase,3093914,3094321
rv3713,CobB/CobQ-like glutamine amidotransferase,4158233,4158817
rv0809,PurM-like N-terminal,903929,904246
rv0809,PurM-like C-terminal,904280,904780
rv1938,AB hydrolase-1,2191108,2191413
rv3449,Peptidase S8,3869971,3870903
rv2502c,CoA carboxyltransferase N-terminal,2817659,2818429
rv2502c,CoA carboxyltransferase C-terminal,2816912,2817652
rv2967c,Biotin carboxylation,3321700,3323046
rv2967c,ATP-grasp,3322096,3322686
rv2967c,Pyruvate carboxyltransferase,3320668,3321477
rv2967c,Lipoyl-binding,3319666,3319890
rv3617,AB hydrolase-1,4057811,4058125
rv0109,PE,131391,131663
rv1040c,PE,1163098,1163364
rv3812,PE,4276580,4276852
rv1033c,Response regulatory,1158296,1158640
rv0285,PE,349630,349899
rv3886c,Peptidase S8,4368701,4369936
rv1162,4Fe-4S ferredoxin-type,1291083,1291172
rv1162,4Fe-4S ferredoxin-type,1291590,1291685
rv1162,4Fe-4S ferredoxin-type,1291689,1291778
rv1164,NarG-like,1293430,1294089
rv1165,Tr-type G,1294168,1294812
rv0322,UDP-glucose/GDP-mannose dehydrogenase C-terminal,390223,390528
rv2725c,Hflx-type G,3037595,3038104
rv3366,tRNA/rRNA methyltransferase SpoU type,3777740,3778162
rv3379c,Transketolase-like pyrimidine-binding,3793743,3794234
rv3384c,PINc,3799282,3799626
rv3318,FAD-dependent oxidoreductase 2 FAD-binding,3705021,3706202
rv3318,Fumarate reductase/succinate dehydrogenase flavoprotein-like C-terminal,3706365,3706769
rv2103c,PINc,2364110,2364514
rv0291,Peptidase S8,354687,355688
rv0582,PINc,677922,678275
rv1796,Peptidase S8,2033975,2035291
rv2829c,PINc,3136656,3137003
rv1511,NAD(P)-binding,1703086,1704018
rv1512,NAD-dependent epimerase/dehydratase,1704138,1704833
rv2436,Carbohydrate kinase PfkB,2733272,2734093
rv1750c,AMP-dependent synthetase/ligase,1978470,1979516
rv1750c,AMP-binding enzyme C-terminal,1978089,1978319
rv1661,Ketosynthase family 3 (KS3),1875403,1876677
rv1661,PKS/mFAS DH,1878103,1878915
rv1661,Carrier,1881229,1881456
rv0236c,F5/8 type C,284203,284754
rv2894c,Core-binding (CB),3204039,3204290
rv2894c,Tyr recombinase,3203415,3203978
rv3408,PINc,3826551,3826859
rv2872,PINc,3183388,3183798
rv2602,PINc,2930350,2930769
rv2596,PINc,2925740,2926111
rv2530c,PINc,2854288,2854677
rv1962c,PINc,2204905,2205270
rv1114,PINc,1239613,1239945
rv0749,PINc,841234,841644
rv0624,PINc,716664,717050
rv0617,PINc,711012,711371
rv0609,PINc,703486,703857
rv0598c,PINc,697193,697549
rv0277c,PINc,332720,333130
rv2757c,PINc,3070203,3070571
rv2548,PINc,2868866,2869225
rv1561,PINc,1764982,1765356
rv0549c,PINc,640255,640608
rv1420,GIY-YIG,1594087,1594326
rv1420,UVR,1594663,1594770
rv1689,S4 RNA-binding,1914667,1914840
rv2614c,TGS,2943046,2943267
rv1650,tRNA-binding,1859887,1860222
rv1650,B5,1860997,1861224
rv1650,FDX-ACB,1861966,1862247
rv1283c,ABC transmembrane type-1,1436188,1436814
rv1282c,ABC transmembrane type-1,1435328,1435903
rv1237,ABC transmembrane type-1,1380050,1380631
rv1236,ABC transmembrane type-1,1379179,1379799
rv0929,ABC transmembrane type-1,1036280,1036969
rv0930,ABC transmembrane type-1,1037263,1037889
rv2938,ABC transmembrane type-2,3274207,3274890
rv1559,ACT-like,1764463,1764687
rv1365c,STAS,1537786,1538121
rv2922c,SMC hinge,3235923,3236267
rv2902c,RNase H type-2,3212285,3212860
rv2195,Rieske,2459337,2459621
rv0721,S5 DRBM,814451,814642
rv3458c,S4 RNA-binding,3878794,3878994
rv0707,KH type-2,804393,804599
rv0788,Glutamine amidotransferase type-1,882769,883431
rv3276c,ATP-grasp,3658995,3659564
rv2964,ACT,3316622,3316852
rv0957,MGS-like,1068205,1068660
rv0772,ATP-grasp,864904,865521
rv0808,Glutamine amidotransferase type-2,902213,902893
rv2439c,PUA,2737174,2737410
rv2582,PPIase cyclophilin-type,2907228,2907734
rv1608c,Thioredoxin,1807304,1807762
rv1983,PE,2226244,2226522
rv1386,PE,1561470,1561736
rv2095c,WYL,2353683,2353925
rv2096c,WYL,2354630,2354872
rv0577,VOC 1,671196,671552
rv0577,VOC 2,671592,671936
rv2841c,S1 motif,3148877,3149095
rv2841c,KH 1,3148571,3148771
rv2841c,KH 2,3148388,3148570
rv3908,Nudix hydrolase,4393632,4394042
rv0413,Nudix hydrolase,499800,500204
rv2718c,ATP-cone,3030470,3030742
rv3153,4Fe-4S ferredoxin-type 1,3520717,3520809
rv3153,4Fe-4S ferredoxin-type 2,3520855,3520944
rv0886,4Fe-4S ferredoxin-type 1,983806,983889
rv0886,4Fe-4S ferredoxin-type 2,983911,984000
rv1493,B12-binding,1685850,1686248
rv0482,FAD-binding PCMH-type,570623,571144
rv0869c,Radical SAM core,966571,967251
rv3341,AB hydrolase-1,3727641,3728555
rv2404c,tr-type G,2702556,2703101
rv2839c,tr-type G,3146173,3146688
rv1745c,Nudix hydrolase,1971476,1971880
rv0586,HTH gntR-type,684434,684640
rv1675c,HTH crp-type,1900265,1900456
rv1602,Glutamine amidotransferase type-1,1802676,1803281
rv2092c,Helicase ATP-binding,2351503,2351979
rv2092c,Helicase C-terminal,2350666,2351280
rv2579,AB hydrolase-1,2903732,2904103
rv3842c,GP-PDE,4314771,4315529
rv3858c,4Fe-4S ferredoxin-type,4331299,4331394
rv2201,Glutamine amidotransferase type-2,2465000,2465689
rv0013,Glutamine amidotransferase type-1,14917,15507
rv1553,2Fe-2S ferredoxin-type,1759474,1759716
rv1553,4Fe-4S ferredoxin-type,1759852,1759941
rv2151c,POTRA,2410066,2410272
rv0284,FtsK 1,347000,347620
rv0284,FtsK 2,348065,348634
rv0284,FtsK 3,348902,349474
rv1207,Pterin-binding,1351314,1352087
rv1872c,FMN hydroxy acid dehydrogenase,2121934,2123067
rv2007c,4Fe-4S ferredoxin-type,2256249,2256338
rv2875,FAS1,3187198,3187596
rv2364c,Era-type G,2646146,2646661
rv2364c,KH type-2,2645816,2646055
rv1713,EngA-type G 1,1940366,1940857
rv1713,EngA-type G 2,1940885,1941406
rv1713,KH-like,1941407,1941655
rv3056,UmuC,3416729,3417277
rv2194,Cytochrome c 1,2457730,2457972
rv2194,Cytochrome c 2,2458033,2458269
rv2848c,GATase cobBQ-type,3156199,3156759
rv0384c,Clp R,461565,462002
rv1992c,HMA,2237049,2237252
rv0103c,HMA,121940,122131
rv0904c,CoA carboxyltransferase N-terminal,1007473,1008180
rv0904c,CoA carboxyltransferase C-terminal,1006771,1007457
rv1859,ABC transporter,2106583,2107290
rv1859,Mop,2107450,2107656
rv0655,ABC transporter,751598,752308
rv0297,PE,361334,361612
rv2741,PE,3053914,3054192
rv1844c,6-phosphogluconate dehydrogenase C-terminal,2093758,2094627
rv1651c,PE,1865104,1865382
rv1441c,PE,1619406,1619684
rv1088,PE,1214513,1214773
rv0980c,PE,1096176,1096451
rv0978c,PE,1094081,1094356
rv0977,PE,1090373,1090645
rv2643,Phosphotyrosine protein phosphatase I,2968002,2968379
rv2832c,ABC transporter,3138474,3139172
rv2847c,Tetrapyrrole methylase,3154756,3155388
rv0777,Adenylosuccinate lyase C-terminal,871100,871357
rv1677,Thioredoxin,1901871,1902290
rv2380c,Carrier,2664083,2664310
rv2380c,Carrier,2662175,2662399
rv2505c,AMP-dependent synthetase/ligase,2820391,2821500
rv2505c,AMP-binding enzyme C-terminal,2820010,2820240
rv2552c,Shikimate dehydrogenase substrate binding N-terminal,2871740,2871988
rv2552c,SDH C-terminal,2871233,2871310
rv2788,HTH dtxR-type,3096986,3097174
rv2940c,Ketosynthase family 3 (KS3),3281432,3282703
rv2940c,PKS/mFAS DH,3279173,3280030
rv2940c,Carrier,3276416,3276643
rv1925,AMP-dependent synthetase/ligase,2177288,2178430
rv0840c,AB hydrolase-1,936508,937248
rv2674,MsrB,2990733,2991107
rv3053c,Glutaredoxin,3414776,3414952
rv3494c,Mce/MlaD,3913028,3913255
rv3499c,Mce/MlaD,3918847,3919083
rv3499c,Mammalian cell entry C-terminal,3918181,3918837
rv3641c,Fido,4079958,4080374
rv2483c,Phospholipid/glycerol acyltransferase,2789700,2790044
rv3250c,Rubredoxin-like,3630402,3630557
rv3682,PASTA,4124004,4124201
rv0174,Mce/MlaD,205345,205566
rv0174,Mammalian cell entry C-terminal,205594,206088
rv0279c,PE,338792,339064
rv3331,Major facilitator superfamily (MFS) profile,3717249,3718511
rv3664c,ABC transmembrane type-1,4103726,4104298
rv3293,Aldehyde dehydrogenase,3673665,3675023
rv1471,Thioredoxin,1659370,1659684
rv1940,GTP cyclohydrolase II,2193224,2193478
rv3116,Rhodanese,3483664,3483936
rv0117,HTH lysR-type,141200,141370
rv3306c,Peptidase M20 dimerisation,3693210,3693482
rv3894c,FtsK,4378353,4378949
rv3894c,FtsK,4377264,4377890
rv3894c,FtsK,4376382,4376954
rv0993,Nucleotidyl transferase,1109305,1110114
rv3107c,FAD-binding PCMH-type,3476155,3476694
rv2379c,Carrier,2658981,2659205
rv3211,DEAD-box RNA helicase Q,3587825,3587911
rv3211,Helicase ATP-binding,3587918,3588490
rv3211,Helicase C-terminal,3588572,3589012
rv3251c,Rubredoxin-like,3630580,3630738
rv3252c,Fatty acid desaturase,3630876,3631577
rv3255c,Phosphomannose isomerase type I catalytic,3635818,3636258
rv1620c,ABC transmembrane type-1,1820764,1821609
rv1620c,ABC transporter,1819969,1820664
rv1621c,ABC transmembrane type-1,1822422,1823273
rv1621c,ABC transporter,1821693,1822328
rv0353,HTH merR-type,423672,423881
rv0362,CBS,440492,440662
rv1122,6-phosphogluconate dehydrogenase C-terminal,1245684,1246133
rv1442,Molybdopterin oxidoreductase N-terminal,1619806,1619928
rv1442,Molybdopterin oxidoreductase,1619938,1621320
rv1442,Molybdopterin dinucleotide-binding,1621657,1622007
rv1427c,AMP-dependent synthetase/ligase,1602729,1603790
rv1427c,AMP-binding enzyme C-terminal,1602360,1602587
rv0125,PDZ,151940,152095
rv0170,Mce/MlaD,200000,200233
rv0170,Mammalian cell entry C-terminal,200258,200860
rv0171,Mce/MlaD,201046,201267
rv0171,Mammalian cell entry C-terminal,201277,201798
rv0172,Mce/MlaD,202611,202838
rv0172,Mammalian cell entry C-terminal,202857,203345
rv0173,Mce/MlaD,204215,204436
rv0173,Mammalian cell entry C-terminal,204455,204958
rv0599c,SpoVT-AbrB,697666,697800
rv0594,Mce/MlaD,693351,693572
rv0594,Mammalian cell entry C-terminal,693606,694088
rv1704c,Amino acid permease/ SLC12A,1930143,1931384
rv2756c,N6 adenine-specific DNA methyltransferase N-terminal,3069592,3070032
rv2756c,DNA methylase adenine-specific,3068578,3069555
rv2790c,Thiolase N-terminal,3099468,3100142
rv2790c,Thiolase C-terminal,3098997,3099359
rv2858c,Aldehyde dehydrogenase,3169383,3170717
rv1175c,NADH:flavin oxidoreductase/NADH oxidase N-terminal,1307231,1308205
rv1175c,FAD/NAD(P)-binding,1306319,1307095
rv1177,4Fe-4S ferredoxin-type,1309095,1309184
rv1187,Aldehyde dehydrogenase,1329546,1330958
rv1454c,Enoyl reductase (ER),1639683,1640633
rv2458,Hcy-binding,2759779,2760663
rv2471,Glycosyl hydrolase family 13 catalytic,2773678,2774835
rv3044,Fe/B12 periplasmic-binding,3405406,3406212
rv3319,4Fe-4S ferredoxin-type,3707267,3707335
rv3332,Amidohydrolase-related,3718736,3719731
rv1058,AMP-dependent synthetase/ligase,1180750,1181877
rv1058,AMP-binding enzyme C-terminal,1182019,1182246
rv1071c,Enoyl-CoA hydratase/isomerase,1195085,1196047
rv1074c,Thiolase N-terminal,1198558,1199361
rv1074c,Thiolase C-terminal,1198165,1198533
rv2045c,Carboxylesterase type B,2289751,2291166
rv2259,Enoyl reductase (ER),2532284,2533321
rv3508,PE,3931005,3931283
rv0118c,Thiamine pyrophosphate enzyme N-terminal TPP-binding,143490,143834
rv0118c,Thiamine pyrophosphate enzyme central,142872,143261
rv0118c,Thiamine pyrophosphate enzyme TPP-binding,142221,142655
rv0251c,SHSP,302179,302547
rv0253,Rieske-like [2Fe-2S],305480,305791
rv0753c,Aldehyde dehydrogenase,844484,845905
rv0860,3-hydroxyacyl-CoA dehydrogenase NAD binding,957274,957807
rv0860,3-hydroxyacyl-CoA dehydrogenase C-terminal,957814,958113
rv0984,MoaB/Mog,1100541,1100975
rv1662,Ketosynthase family 3 (KS3),1881800,1883065
rv1662,PKS/mFAS DH,1884464,1885276
rv3702c,Glutamine amidotransferase type-2,4144916,4145611
rv3756c,ABC transmembrane type-1,4201996,4202523
rv3757c,ABC transmembrane type-1,4202709,4203257
rv3758c,ABC transporter,4203707,4204414
rv3759c,ABC-type glycine betaine transport system substrate-binding,4204459,4205253
rv0974c,CoA carboxyltransferase N-terminal,1086533,1087288
rv0974c,CoA carboxyltransferase C-terminal,1085786,1086538
rv0405,Carrier,485743,485979
rv0405,Ketosynthase family 3 (KS3),486046,487296
rv0405,Carrier,488779,489006
rv0243,Thiolase N-terminal,292213,293019
rv0243,Thiolase C-terminal,293041,293487
rv3257c,Alpha-D-phosphohexomutase alpha/beta/alpha,3638326,3638679
rv3257c,Alpha-D-phosphohexomutase alpha/beta/alpha,3637933,3638232
rv3257c,Alpha-D-phosphohexomutase alpha/beta/alpha,3637591,3637905
rv3257c,Alpha-D-phosphohexomutase C-terminal,3637360,3637578
rv0973c,Biotin carboxylation,1084404,1085747
rv0973c,ATP-grasp,1084815,1085399
rv0973c,Lipoyl-binding,1083786,1084007
rv2399c,ABC transmembrane type-1,2695844,2696434
rv0758,HAMP,852936,853097
rv0758,Histidine kinase,853161,853805
rv1644,RNA 2-O ribose methyltransferase substrate binding,1853687,1853899
rv2546,PINc,2868163,2868531
rv2524c,Ketosynthase family 3 (KS3),2840363,2841730
rv0724,Peptidase S49,816050,816508
rv0724,Peptidase S49,816869,817324
rv1845c,Peptidase M48,2095566,2095718
rv3140,Acyl-CoA oxidase/dehydrogenase middle,3507177,3507461
rv3140,Acyl-CoA dehydrogenase/oxidase C-terminal,3507510,3507968
rv3139,Acyl-CoA dehydrogenase/oxidase N-terminal,3505693,3506022
rv3139,Acyl-CoA oxidase/dehydrogenase middle,3506044,3506304
rv3139,Acyl-CoA dehydrogenase/oxidase C-terminal,3506371,3506754
rv0389,ATP-grasp,468737,469333
rv0400c,Acyl-CoA dehydrogenase/oxidase N-terminal,479349,479687
rv0400c,Acyl-CoA oxidase/dehydrogenase middle,479067,479339
rv0400c,Acyl-CoA dehydrogenase/oxidase C-terminal,478596,479033
rv0270,AMP-dependent synthetase/ligase,324771,325850
rv0270,AMP-binding enzyme C-terminal,325992,326219
rv0415,FAD dependent oxidoreductase,501175,502134
rv0425c,Cation-transporting P-type ATPase C-terminal,510933,511385
rv0427c,Endonuclease/exonuclease/phosphatase,516050,516814
rv2947c,Ketosynthase family 3 (KS3),3296434,3297705
rv0131c,Acyl-CoA dehydrogenase/oxidase N-terminal,159236,159580
rv0131c,Acyl-CoA oxidase/dehydrogenase middle,158963,159226
rv0131c,Acyl-CoA dehydrogenase/oxidase C-terminal,158432,158878
rv0155,Alanine dehydrogenase/pyridine nucleotide transhydrogenase N-terminal,183655,184047
rv0155,Alanine dehydrogenase/pyridine nucleotide transhydrogenase NAD(H)-binding,184072,184560
rv0156,NAD(P) transhydrogenase alpha subunit C-terminal,184747,185001
rv0157,NADP transhydrogenase beta-like,185073,186461
rv3697c,PINc,4139820,4140200
rv3320c,PINc,3707693,3708061
rv2759c,PINc,3070896,3071270
rv1982c,PINc,2225452,2225832
rv0240,PINc,289354,289713
rv2863,PINc,3174995,3175345
rv2527,PINc,2851402,2851668
rv1953,PINc,2200944,2201159
rv1838c,PINc,2087269,2087649
rv1397c,PINc,1574157,1574510
rv0960,PINc,1073548,1073889
rv0665,PINc,758828,759127
rv0661c,PINc,755386,755769
rv0656c,PINc,753008,753292
rv2595,SpoVT-AbrB,2925492,2925626
rv2692,RCK N-terminal,3010024,3010374
rv2692,RCK C-terminal,3010432,3010677
rv0935,ABC transmembrane type-1,1043557,1044258
rv0936,ABC transmembrane type-1,1044563,1045180
rv1858,ABC transmembrane type-1,2105923,2106531
rv2874,Thioredoxin,3186026,3186472
rv2214c,AB hydrolase-1,2480844,2481614
rv2907c,PRC barrel,3216376,3216594
rv2291,Rhodanese 1,2563231,2563587
rv2291,Rhodanese 2,2563678,2564013
rv3283,Rhodanese 1,3665018,3665341
rv3283,Rhodanese 2,3665429,3665785
rv3715c,Toprim,4159964,4160266
rv3539,PE-PPE,3978776,3979444
rv2608,PE-PPE,2935943,2936620
rv2634c,PE,2962166,2962441
rv1840c,PE,2089240,2089518
rv1068c,PE,1191870,1192148
rv1759c,PE,1992299,1992577
rv2328,PE,2600731,2601006
rv2641,VOC,2965942,2966289
rv2511,Exonuclease,2827169,2827666
rv3462c,S1-like,3880435,3880653
rv1826,Lipoyl-binding,2072021,2072269
rv3447c,FtsK 1,3866418,3867020
rv3447c,FtsK 2,3865431,3866000
rv3447c,FtsK 3,3864636,3865187
rv2344c,HD,2623087,2623539
rv1814,Fatty acid hydroxylase,2056800,2057201
rv3648c,CSD,4088340,4088522
rv2922a,Acylphosphatase-like,3237821,3238081
rv1988,Ribosomal RNA adenine methylase transferase N-terminal,2231737,2232195
rv0087,NADH:ubiquinone oxidoreductase 30kDa subunit,95444,95773
rv0087,NADH-quinone oxidoreductase subunit D,96179,96646
rv3652,PE,4093632,4093811
rv0305c,PPE,375217,375708
rv1195,PE,1339003,1339281
rv0159c,PE,188564,188839
rv0159c,PE-PPE,187715,188380
rv0033,Carrier,36607,36825
rv0592,Mce/MlaD,690636,690863
rv0592,Mammalian cell entry C-terminal,690882,691373
rv0636,MaoC-like,732435,732770
rv0728c,D-isomer specific 2-hydroxyacid dehydrogenase catalytic,820517,821350
rv0728c,D-isomer specific 2-hydroxyacid dehydrogenase NAD-binding,820613,821134
rv0871,CSD,967898,968089
rv2605c,Acyl-CoA thioesterase-like N-terminal HotDog,2932822,2933052
rv2605c,Acyl-CoA thioesterase 2 C-terminal,2932336,2932722
rv2860c,GS beta-grasp,3172650,3172940
rv2860c,GS catalytic,3171630,3172631
rv3061c,Acyl-CoA dehydrogenase/oxidase N-terminal,3425080,3425412
rv3061c,Acyl-CoA dehydrogenase/oxidase C-terminal,3424444,3424818
rv3061c,Acyl-CoA oxidase/dehydrogenase middle,3423763,3424047
rv3061c,Acyl-CoA dehydrogenase/oxidase C-terminal,3423292,3423729
rv3144c,PPE,3510823,3511311
rv3498c,Mce/MlaD,3917645,3917875
rv3498c,Mammalian cell entry C-terminal,3916988,3917635
rv3650,PE,4091242,4091472
rv3666c,Solute-binding protein family 5,4105699,4106856
rv0198c,Peptidase M13 N-terminal,235308,236450
rv0198c,Peptidase M13 C-terminal,234531,235154
rv0672,Adaptive response protein AidB N-terminal,771508,771969
rv0672,Acyl-CoA oxidase/dehydrogenase middle,772012,772290
rv0672,Acyl-CoA dehydrogenase/oxidase C-terminal,772321,772785
rv0768,Aldehyde dehydrogenase,860975,862360
rv2487c,PE,2797107,2797376
rv2691,RCK N-terminal,3009344,3009703
rv2691,RCK C-terminal,3009749,3009988
rv2789c,Acyl-CoA oxidase/dehydrogenase middle,3098216,3098521
rv2789c,Acyl-CoA dehydrogenase/oxidase C-terminal,3097730,3098182
rv2835c,ABC transmembrane type-1,3141344,3141985
rv3496c,Mce/MlaD,3915548,3915772
rv3496c,Mammalian cell entry C-terminal,3915002,3915526
rv3536c,Fumarylacetoacetase-like C-terminal,3974526,3975020
rv3590c,PE,4032877,4033149
rv0663,Sulfatase N-terminal,756263,757513
rv2500c,Acyl-CoA dehydrogenase/oxidase N-terminal,2814537,2814869
rv2500c,Acyl-CoA oxidase/dehydrogenase middle,2814222,2814521
rv2500c,Acyl-CoA dehydrogenase/oxidase C-terminal,2813739,2814185
rv2834c,ABC transmembrane type-1,3140535,3141107
rv3006,Glucose/Sorbosone dehydrogenase,3364964,3365383
rv3016,PknH-like extracellular,3375881,3376336
rv3068c,Alpha-D-phosphohexomutase alpha/beta/alpha,3433080,3433502
rv3068c,Alpha-D-phosphohexomutase alpha/beta/alpha,3432672,3432998
rv3068c,Alpha-D-phosphohexomutase alpha/beta/alpha,3432300,3432656
rv0593,Mce/MlaD,692225,692440
rv0593,Mammalian cell entry C-terminal,692456,692962
rv3663c,ABC transporter,4102917,4103654
rv3663c,ABC transporter,4102083,4102835
rv0729,Carbohydrate kinase FGGY N-terminal,821525,821818
rv0729,Carbohydrate kinase FGGY C-terminal,822374,822712
rv0752c,Acyl-CoA dehydrogenase/oxidase N-terminal,844070,844399
rv0752c,Acyl-CoA oxidase/dehydrogenase middle,843761,844054
rv0752c,Acyl-CoA dehydrogenase/oxidase C-terminal,843272,843718
rv0355c,PPE,434182,434673
rv0816c,Thioredoxin,909614,909934
rv0865,MoaB/Mog,963408,963836
rv0916c,PE,1021362,1021634
rv2528c,Restriction system protein Mrr-like N-terminal,2852399,2852653
rv2528c,Restriction endonuclease type IV Mrr,2851832,2852188
rv1811,MgtC/SapB/SrpB/YhiD N-terminal,2053479,2053841
rv1811,MgtC-like C-terminal,2053887,2054117
rv2101,Helicase ATP-binding,2361872,2362372
rv2101,Helicase C-terminal,2362748,2363206
rv3578,Citrate transporter-like,4020211,4021173
rv3670,AB hydrolase-1,4111508,4112272
rv2535c,Creatinase N-terminal,2860017,2860403
rv2535c,Peptidase M24,2859387,2859995
rv2761c,Type I restriction modification DNA specificity,3072161,3072628
rv3477,PE,3894102,3894371
rv3497c,Mce/MlaD,3916603,3916827
rv3497c,Mammalian cell entry C-terminal,3916021,3916584
rv3513c,AMP-binding enzyme C-terminal,3945176,3945403
rv3523,Thiolase C-terminal,3960282,3960659
rv3562,Acyl-CoA dehydrogenase/oxidase N-terminal,4003179,4003520
rv3562,Acyl-CoA oxidase/dehydrogenase middle,4003530,4003814
rv3562,Acyl-CoA dehydrogenase/oxidase C-terminal,4003848,4004270
rv3576,PknH-like extracellular,4018487,4019056
rv3622c,PE,4061917,4062189
rv3665c,ABC transmembrane type-1,4104564,4105175
rv3692,ATPase AAA-3,4133759,4134151
rv3692,ChlI/MoxR AAA lid,4134347,4134556
rv0532,PE,622802,623074
rv3367,PE,3778577,3778849
rv1788,PE,2026486,2026758
rv2317,ABC transmembrane type-1,2589904,2590476
rv1806,PE,2048081,2048353
rv0164,Coenzyme Q-binding protein COQ10 START,193698,194081
rv2340c,PE,2618627,2618899
rv3893c,PE,4375780,4375986
rv0160c,PE,190158,190430
rv0160c,PE-PPE,189246,189926
rv3907c,HD/PDEase,4391817,4392284
rv1646,PE,1855773,1856045
rv1715,3-hydroxyacyl-CoA dehydrogenase NAD binding,1942686,1943180
rv1715,3-hydroxyacyl-CoA dehydrogenase C-terminal,1943187,1943483
rv1172c,PE,1302400,1302672
rv1966,Mce/MlaD,2209447,2209686
rv1966,Mammalian cell entry C-terminal,2209705,2210364
rv0035,AMP-dependent synthetase/ligase,37313,38434
rv2162c,PE,2424557,2424829
rv1214c,PE,1357371,1357625
rv0162c,Enoyl reductase (ER),192017,193066
rv2107,PE,2367368,2367640
rv0522,Amino acid permease/ SLC12A,613038,614255
rv1193,AMP-dependent synthetase/ligase,1335926,1336807
rv1193,AMP-binding enzyme C-terminal,1336961,1337182
rv0995,N-acetyltransferase,1111648,1112163
rv1618,Acyl-CoA thioesterase-like N-terminal HotDog,1817726,1817956
rv1618,Acyl-CoA thioesterase 2 C-terminal,1818074,1818469
rv3593,ORF 12 gene product N-terminal,4034502,4034765
rv3593,Beta-lactamase class A catalytic,4034865,4035200
rv3473c,AB hydrolase-1,3889990,3890733
rv0529,Cytochrome c assembly protein,620209,620844
rv1123c,AB hydrolase-1,1246210,1246905
rv1124,AB hydrolase-1,1247259,1248029
rv1127c,Pyruvate phosphate dikinase AMP/ATP-binding,1250613,1251164
rv1127c,PEP-utilising enzyme mobile,1250031,1250240
rv1663,Carrier,1887529,1887753
rv1664,Ketosynthase family 3 (KS3),1888026,1889207
rv1664,Carrier,1890615,1890851
rv1446c,Glucose-6-phosphate dehydrogenase assembly protein OpcA N-terminal,1624883,1625212
rv1446c,Glucose-6-phosphate dehydrogenase assembly protein OpcA C-terminal,1624484,1624864
rv1426c,BD-FAE-like,1601212,1601799
rv0119,AMP-dependent synthetase/ligase,144088,145206
rv0119,AMP-binding enzyme C-terminal,145357,145578
rv0166,AMP-dependent synthetase/ligase,195086,196177
rv0166,AMP-binding enzyme C-terminal,196325,196549
rv0179c,Phosphodiester glycosidase,209769,210065
rv0186,Fibronectin type III-like,218084,218287
rv1912c,Enoyl reductase (ER),2158096,2159064
rv1902c,Major facilitator superfamily (MFS) profile,2149072,2150238
rv1878,GS catalytic,2128361,2129371
rv0591,Mce/MlaD,689173,689394
rv0591,Mammalian cell entry C-terminal,689404,689958
rv1681,Radical SAM core,1905466,1906068
rv2724c,Acyl-CoA dehydrogenase/oxidase N-terminal,3036917,3037252
rv2724c,Acyl-CoA oxidase/dehydrogenase middle,3036620,3036907
rv2724c,Acyl-CoA dehydrogenase/oxidase C-terminal,3036140,3036586
rv3391,Thioester reductase (TE),3805633,3806274
rv3393,Inosine/uridine-preferring nucleoside hydrolase,3808470,3809345
rv1244,ABC-type glycine betaine transport system substrate-binding,1386953,1387699
rv1470,Thioredoxin,1658980,1659294
rv2463,Beta-lactamase-related,2765739,2766788
rv3164c,ATPase AAA-3,3533393,3533782
rv3164c,ChlI/MoxR AAA lid,3532985,3533200
rv3171c,AB hydrolase-1,3539930,3540682
rv3308,Alpha-D-phosphohexomutase alpha/beta/alpha,3694969,3695373
rv3308,Alpha-D-phosphohexomutase alpha/beta/alpha,3695476,3695736
rv3308,Alpha-D-phosphohexomutase alpha/beta/alpha,3695773,3696135
rv2185c,Coenzyme Q-binding protein COQ10 START,2447087,2447470
rv3797,Adaptive response protein AidB N-terminal,4251181,4251645
rv3797,Acyl-CoA oxidase/dehydrogenase middle,4251658,4251954
rv3797,Acyl-CoA dehydrogenase/oxidase C-terminal,4252009,4252467
rv0112,NAD(P)-binding,136301,137200
rv0835,PknH-like extracellular,931061,931588
rv1529,AMP-dependent synthetase/ligase,1729532,1730761
rv1529,AMP-binding enzyme C-terminal,1730903,1731238
rv1607,Sodium/calcium exchanger membrane region,1806268,1806729
rv1607,Sodium/calcium exchanger membrane region,1806826,1807254
rv1679,Acyl-CoA dehydrogenase/oxidase N-terminal,1903338,1903553
rv1679,Acyl-CoA oxidase/dehydrogenase middle,1903629,1903895
rv1679,Acyl-CoA dehydrogenase/oxidase C-terminal,1903941,1904357
rv1967,Mce/MlaD,2210712,2210942
rv1967,Mammalian cell entry C-terminal,2210958,2211599
rv1968,Mce/MlaD,2211740,2211964
rv1968,Mammalian cell entry C-terminal,2211992,2212477
rv1969,Mce/MlaD,2212957,2213181
rv1969,Mammalian cell entry C-terminal,2213197,2213718
rv1970,Mce/MlaD,2214240,2214458
rv1970,Mammalian cell entry C-terminal,2214480,2214998
rv1971,Mce/MlaD,2215380,2215604
rv3299c,Sulfatase N-terminal,3684062,3685330
rv3711c,Exonuclease,4156190,4156687
rv3761c,Aminoglycoside phosphotransferase,4206087,4206821
rv0975c,Acyl-CoA dehydrogenase/oxidase N-terminal,1088140,1088481
rv0975c,Acyl-CoA oxidase/dehydrogenase middle,1087846,1088130
rv0975c,Acyl-CoA dehydrogenase/oxidase C-terminal,1087363,1087812
rv1396c,PE,1573576,1573848
rv2382c,Ketosynthase family 3 (KS3),2670320,2671594
rv2381c,Carrier,2667300,2667536
rv2403c,PknH-like extracellular,2700553,2701167
rv2398c,ABC transmembrane type-1,2695026,2695637
rv3554,FAD-binding FR-type,3993696,3994010
rv3554,2Fe-2S ferredoxin-type,3994470,3994739
rv2316,ABC transmembrane type-1,2589042,2589668
rv3775,Beta-lactamase-related,4219811,4220878
rv3781,ABC transporter,4227610,4228299
rv3783,ABC-2 type transporter transmembrane,4229357,4229977
rv0711,Sulfatase N-terminal,806443,807732
rv0727c,Class II aldolase/adducin N-terminal,819939,820475
rv3141,Enoyl reductase (ER),3508113,3509051
rv3138,Radical SAM core,3504408,3505043
rv0399c,Beta-lactamase-related,477393,478433
rv0266c,Hydantoinase/oxoprolinase N-terminal,320609,321136
rv0266c,Hydantoinase A/oxoprolinase,319688,320551
rv0266c,Acetophenone carboxylase-like C-terminal,319166,319645
rv0266c,Hydantoinase B/oxoprolinase,317555,319075
rv0271c,Acyl-CoA dehydrogenase/oxidase N-terminal,328129,328446
rv0271c,Acyl-CoA dehydrogenase/oxidase C-terminal,327442,327813
rv0271c,Acyl-CoA dehydrogenase/oxidase N-terminal,327067,327339
rv0271c,Acyl-CoA oxidase/dehydrogenase middle,326779,327057
rv0271c,Acyl-CoA dehydrogenase/oxidase C-terminal,326287,326739
rv2338c,THIF-type NAD/FAD binding fold,2613206,2613988
rv1933c,Acyl-CoA dehydrogenase/oxidase N-terminal,2184619,2184939
rv1933c,Acyl-CoA dehydrogenase/oxidase C-terminal,2183884,2184321
rv1923,Beta-lactamase-related,2175347,2176354
rv0411c,Solute-binding protein family 3/N-terminal,497356,498024
rv1022,Transglycosylase SLT,1144213,1144338
rv0212c,Cytidyltransferase-like,254341,254625
rv0212c,NadR/Ttd14 AAA,253720,254181
rv0214,AMP-dependent synthetase/ligase,256187,257230
rv0214,AMP-binding enzyme C-terminal,257402,257638
rv0217c,Alpha/beta hydrolase fold-3,260019,260612
rv0231,Acyl-CoA dehydrogenase/oxidase C-terminal,276769,277212
rv0134,AB hydrolase-1,161870,162613
rv3563,Acyl-CoA dehydrogenase/oxidase N-terminal,4004315,4004587
rv3563,Acyl-CoA dehydrogenase/oxidase C-terminal,4004837,4005244
rv3296,Helicase ATP-binding,3676877,3677461
rv3296,Helicase C-terminal,3677552,3678106
rv3298c,Peptidase S9 prolyl oligopeptidase catalytic,3682524,3682676
rv0646c,AB hydrolase-1,740300,741064
rv1800,PE-PPE,2040185,2040859
rv2591,PE,2921551,2921829
rv1325c,PE,1489687,1489965
rv0747,PE,838451,838729
rv2064,Nitrite/Sulfite reductase ferredoxin-like,2321511,2321681
rv0086,NADH:quinone oxidoreductase/Mrp antiporter transmembrane,94320,95213
rv3595c,PE,4037769,4038041
rv3558,PPE,3997986,3998480
rv3514,PE,3945803,3946075
rv3511,PE,3939626,3939898
rv3507,PE,3926578,3926850
rv3478,PPE,3894432,3894917
rv3478,PPE family C-terminal,3895350,3895589
rv3388,PE,3801662,3801928
rv3350c,PPE,3766605,3767096
rv3347c,PPE,3752687,3753181
rv3345c,PE,3742490,3742762
rv3176c,AB hydrolase-1,3544371,3545147
rv3159c,PPE,3528669,3529160
rv3022a,PE,3380718,3380987
rv2853,PE,3162277,3162549
rv0578c,PE,675638,675907
rv3746c,PE,4196234,4196497
rv3739c,PPE,4190287,4190502
rv2769c,PE,3078701,3078976
rv2769c,PPE family C-terminal,3078167,3078409
rv2768c,PPE,3077587,3078075
rv2768c,PPE family C-terminal,3076909,3077148
rv2519,PE,2835794,2836063
rv2519,PE cleavage protein A C-terminal,2836403,2837236
rv2490c,PE,2805955,2806227
rv2396,PE,2692808,2693080
rv2385,Alpha/beta hydrolase fold-3,2677957,2678559
rv2371,PE,2651762,2651932
rv1918c,PPE,2170115,2170606
rv1803c,PE,2046555,2046827
rv1791,PE,2029913,2030185
rv1790,PPE,2028428,2028916
rv1790,PPE family C-terminal,2029223,2029459
rv1768,PE,2000623,2000892
rv1452c,PE,1637948,1638220
rv1450c,PE,1634346,1634618
rv1243c,PE,1386396,1386668
rv1091,PE,1216478,1216750
rv1087,PE,1211569,1211841
rv1067c,PE,1190143,1190415
rv0872c,PE,969963,970235
rv0834c,PE,930204,930476
rv0832,PE,924960,925229
rv0746,PE,835710,835979
rv0589,Mce/MlaD,686950,687192
rv0589,Mammalian cell entry C-terminal,687208,687861
rv0165c,HTH gntR-type,194561,194764
rv0152c,PE-PPE,179892,180566
rv0151c,PE,178914,179186
rv0151c,PE-PPE,178065,178724
rv0124,PE,149542,149811
